Name,Role,Alignment,Dialogue,Difficulty
Leo Buzzwell,Project Manager,Good,"We need to stay nimble and adjust our workflow as needed.",Hard
Carla Stingerly,Business Analyst,Good,"Our strategy should be data-driven but practical.",Hard
Mitch Pollenworth,Sales Lead,Good,"Let’s touch base next week about client feedback.",Hard
Sam Honeydew,Customer Relations,Good,"We aim to add value to our customer interactions.",Hard
Trevor Wingfield,HR Manager,Good,"Work-life balance is key for happy employees.",Hard
Gavin Nectarson,UX Designer,Bad,"Our design needs to be intuitive and scalable.",Hard
Paula Combster,PR Specialist,Bad,"We want our message to be in sync with our audience.",Hard
Diana Buzzby,Operations Manager,Bad,"Let’s optimize our workflow for efficiency.",Hard
Harold Droneson,Operations Lead,Bad,"A quick win would be standardizing our workflow.",Hard
Marcus Hiveley,Product Owner,Bad,"We need to ensure alignment across teams.",Hard
Sophia Beelance,Recruitment Manager,Bad,"Bringing in top-tier talent will elevate our company.",Hard
Nigel Swarmford,Finance Advisor,Bad,"Tracking KPIs ensures smart decision-making.",Hard
Benedict Waggles,Creative Director,Good,"Let’s explore new ideas while keeping our goals in mind.",Hard
Daisy Pollenworth,Marketing Coordinator,Good,"Our message should be authentic and engaging.",Hard
Frank Combster,Product Designer,Good,"Let’s refine our design to be more user-friendly.",Hard
Zara Buzzleton,Communications Lead,Good,"Transparent and open communication is key.",Hard
Colin Stinger,Training Manager,Good,"Helping our team grow is my top priority.",Hard
Gloria Beekins,Event Coordinator,Good,"Organizing great events is all about attention to detail.",Hard
Bruno Swarm,Facilities Manager,Good,"Keeping our office safe and efficient is my job.",Hard
Lily Nectarly,Customer Success,Good,"We should build long-term relationships with our clients.",Hard
Finn Honeyfield,Sales Analyst,Bad,"We should leverage our growth vectors.",Hard
Penny Wingate,Corporate Consultant,Bad,"A paradigm shift in our approach could be game-changing.",Hard
Austin Hivelson,HR Business Partner,Bad,"Let's align our company culture with our core values.",Hard
Melissa Combly,Operations Coordinator,Bad,"We need to deep dive into our strategy before moving forward.",Hard
Quentin Buzzard,Tech Lead,Bad,"We should optimize our processes for maximum efficiency.",Hard
Blaire Stingson,Product Marketer,Bad,"Innovative solutions will help us move the needle.",Hard
Julius Dronewell,Finance Strategist,Bad,"A low-hanging fruit is adjusting our pricing model.",Hard
Natalia Wagglebee,Customer Engagement Lead,Bad,"We must double-click on key insights to stay ahead.",Hard
Victor Pollen,Logistics Manager,Bad,"A data-driven decision-making process is crucial.",Hard
Amber Wingman,HR Consultant,Good,"Ensuring employee satisfaction leads to better productivity.",Hard
Chris Hiverton,Legal Counsel,Good,"Compliance and ethics should always come first.",Hard
Tina Stingsly,Administrative Assistant,Good,"I’ll ensure all your appointments are well scheduled.",Hard
Gregory Nectarson,Digital Marketing,Good,"Our campaign should resonate naturally with our audience.",Hard
Jessica Buzzford,Business Development,Good,"Let’s build genuine connections with potential clients.",Hard
Oliver Combington,Software Engineer,Good,"Our code should be clear and easy to maintain.",Hard
Holly Beedle,Corporate Trainer,Good,"Empowering employees with knowledge benefits everyone.",Hard
Duncan Wingwell,Finance Manager,Bad,"Maximizing ROI should be our north star.",Hard
Sabrina Pollenbee,Operations Supervisor,Bad,"We need to optimize workflow synergies.",Hard
Mason Stingerly,Tech Evangelist,Bad,"Let's socialize this idea across departments.",Hard
Yasmin Dronefeld,Customer Insights,Bad,"A holistic approach will align our brand with the market.",Hard
Leonard Waggleston,Creative Director,Bad,"Let's leverage our industry-leading expertise.",Hard
Daniela Buzzmore,Growth Strategist,Bad,"Accelerating growth requires a 360-degree approach.",Hard
Theo Combster,Partnerships Lead,Bad,"Let’s touch base on potential collaborations.",Hard
Sadie Hivewell,Operations Lead,Bad,"Streamlining our processes will create synergy.",Hard
Cameron Beeline,Marketing Strategist,Good,"Let’s focus on real customer needs to craft authentic campaigns.",Hard
Caitlyn Buzzmore,Content Manager,Good,"Creating high-quality content that resonates with our audience is essential.",Hard
Jasper Pollenstone,Client Relations,Good,"Building trust with our clients is a priority.",Hard
Parker Honeycomb,Software Developer,Good,"We should focus on writing clean and maintainable code.",Hard
Isabella Swarmfield,Operations Consultant,Good,"Let’s focus on improving internal processes for better results.",Hard
Ethan Hivewood,Product Strategist,Good,"We should focus on long-term impact rather than short-term gains.",Hard
Chloe Buzzworth,Customer Service Lead,Good,"Providing excellent customer service will drive loyalty.",Hard
Oliver Hiveton,Data Analyst,Good,"Let’s use data to make well-informed decisions.",Hard
Maya Nectoria,HR Coordinator,Good,"Ensuring that our team is motivated is key to company success.",Hard
Liam Stingerwood,Sales Executive,Good,"Aiming for long-term relationships with clients will ensure sustained success.",Hard
Lily Honeyfield,Team Lead,Good,"Our team should support each other to achieve common goals.",Hard
David Wingbee,PR Manager,Good,"Our public relations strategy should focus on transparency.",Hard
Maxwell Buzzstreak,Operations Analyst,Good,"It’s important to track our operational performance regularly.",Hard
Clara Pollenfield,Event Planner,Good,"Engagement at events relies on creating meaningful connections.",Hard
Jackson Swarmson,Tech Specialist,Good,"Focusing on system reliability will ensure smoother operations.",Hard
Isla Combton,Market Researcher,Good,"Understanding customer needs through research will guide our next steps.",Hard
Harrison Beekins,Sales Coordinator,Good,"The focus should be on quality leads rather than quantity.",Hard
Ava Hivebrush,Digital Strategist,Good,"Creating a seamless digital experience is crucial for customer retention.",Hard
Name,Role,Alignment,Dialogue,Difficulty
Leo Buzzwell,Project Manager,Good,"We need to stay nimble and adjust our workflow as needed.",Medium
Carla Stingerly,Business Analyst,Good,"Our strategy should be data-driven but practical.",Medium
Mitch Pollenworth,Sales Lead,Good,"Let’s touch base next week about client feedback.",Medium
Sam Honeydew,Customer Relations,Good,"We aim to add value to our customer interactions.",Medium
Trevor Wingfield,HR Manager,Good,"Work-life balance is key for happy employees.",Medium
Gavin Nectarson,UX Designer,Bad,"Our design needs to be intuitive and scalable.",Medium
Paula Combster,PR Specialist,Bad,"We want our message to be in sync with our audience.",Medium
Diana Buzzby,Operations Manager,Bad,"Let’s optimize our workflow for efficiency.",Medium
Harold Droneson,Operations Lead,Bad,"A quick win would be standardizing our workflow.",Medium
Marcus Hiveley,Product Owner,Bad,"We need to ensure alignment across teams.",Medium
Sophia Beelance,Recruitment Manager,Bad,"Bringing in top-tier talent will elevate our company.",Medium
Nigel Swarmford,Finance Advisor,Bad,"Tracking KPIs ensures smart decision-making.",Medium
Benedict Waggles,Creative Director,Good,"Let’s explore new ideas while keeping our goals in mind.",Medium
Daisy Pollenworth,Marketing Coordinator,Good,"Our message should be authentic and engaging.",Medium
Frank Combster,Product Designer,Good,"Let’s refine our design to be more user-friendly.",Medium
Zara Buzzleton,Communications Lead,Good,"Transparent and open communication is key.",Medium
Colin Stinger,Training Manager,Good,"Helping our team grow is my top priority.",Medium
Gloria Beekins,Event Coordinator,Good,"Organizing great events is all about attention to detail.",Medium
Bruno Swarm,Facilities Manager,Good,"Keeping our office safe and efficient is my job.",Medium
Lily Nectarly,Customer Success,Good,"We should build long-term relationships with our clients.",Medium
Finn Honeyfield,Sales Analyst,Bad,"We should leverage our growth vectors.",Medium
Penny Wingate,Corporate Consultant,Bad,"A paradigm shift in our approach could be game-changing.",Medium
Austin Hivelson,HR Business Partner,Bad,"Let's align our company culture with our core values.",Medium
Melissa Combly,Operations Coordinator,Bad,"We need to deep dive into our strategy before moving forward.",Medium
Quentin Buzzard,Tech Lead,Bad,"We should optimize our processes for maximum efficiency.",Medium
Blaire Stingson,Product Marketer,Bad,"Innovative solutions will help us move the needle.",Medium
Julius Dronewell,Finance Strategist,Bad,"A low-hanging fruit is adjusting our pricing model.",Medium
Natalia Wagglebee,Customer Engagement Lead,Bad,"We must double-click on key insights to stay ahead.",Medium
Victor Pollen,Logistics Manager,Bad,"A data-driven decision-making process is crucial.",Medium
Amber Wingman,HR Consultant,Good,"Ensuring employee satisfaction leads to better productivity.",Medium
Chris Hiverton,Legal Counsel,Good,"Compliance and ethics should always come first.",Medium
Tina Stingsly,Administrative Assistant,Good,"I’ll ensure all your appointments are well scheduled.",Medium
Gregory Nectarson,Digital Marketing,Good,"Our campaign should resonate naturally with our audience.",Medium
Jessica Buzzford,Business Development,Good,"Let’s build genuine connections with potential clients.",Medium
Oliver Combington,Software Engineer,Good,"Our code should be clear and easy to maintain.",Medium
Holly Beedle,Corporate Trainer,Good,"Empowering employees with knowledge benefits everyone.",Medium
Duncan Wingwell,Finance Manager,Bad,"Maximizing ROI should be our north star.",Medium
Sabrina Pollenbee,Operations Supervisor,Bad,"We need to optimize workflow synergies.",Medium
Mason Stingerly,Tech Evangelist,Bad,"Let's socialize this idea across departments.",Medium
Yasmin Dronefeld,Customer Insights,Bad,"A holistic approach will align our brand with the market.",Medium
Leonard Waggleston,Creative Director,Bad,"Let's leverage our industry-leading expertise.",Medium
Daniela Buzzmore,Growth Strategist,Bad,"Accelerating growth requires a 360-degree approach.",Medium
Theo Combster,Partnerships Lead,Bad,"Let’s touch base on potential collaborations.",Medium
Sadie Hivewell,Operations Lead,Bad,"Streamlining our processes will create synergy.",Medium
Name,Role,Alignment,Dialogue,Difficulty
Buzzy,Accountant,Good,"Let's go over the numbers and make sure everything adds up. ",Easy
Maya Buzzwell,HR Specialist,Good,"We want to make sure every bee feels valued and heard.",Easy
Walter Wing,Office Manager,Good,"I’ll check in with the team and see how they’re doing.",Easy
Ruby Honeycomb,Secretary,Good,"I’ll send the report to you by the end of the day.",Easy
Oscar Pollen,Operations Lead,Good,"We can improve our workflow with small adjustments.",Easy
Greg Nectar,IT Support,Good,"I’ll check your system and see what’s causing the issue.",Easy
Philip Stinger,Marketing Analyst,Good,"Our ad campaign is getting positive responses!",Easy
Buzzford,Senior Consultant,Bad,"Let’s circle back on this after our standup.",Easy
Taylor Beezly,CEO,Bad,"We need to disrupt the industry with next-gen solutions.",Easy
Jordan Hivewell,Marketing Director,Bad,"We’re pivoting towards an omnichannel strategy.",Easy
Cameron Comb,Agile Coach,Bad,"Let’s double-click on the KPIs before we move forward.",Easy
Pat Dronefield,HR Business Partner,Bad,"We want to harmonize company culture and innovation.",Easy
Morgan Waxley,Tech Evangelist,Bad,"We need to supercharge our digital transformation.",Easy
Alex Buzzington,Corporate Strategist,Bad,"Let's leverage synergy and take this offline.",Easy
Jamie Honeywell,Brand Manager,Bad,"This campaign will move the needle for brand awareness.",Easy
Beeatrice Swarm,Legal Advisor,Good,"Let’s make sure this contract is clear and fair.",Easy
Pollen Peterson,Receptionist,Good,"Let me connect you to the right department.",Easy
Zippy Sting,Product Manager,Good,"We should focus on making our service easier to use.",Easy
Benedict Buzz,Customer Relations,Good,"Customer satisfaction is what drives our success.",Easy
Flora Wingfield,Sales Lead,Good,"Honest communication with customers builds trust.",Easy
Hector Hive,Procurement Officer,Good,"I’ll negotiate the best price for quality materials.",Easy
Victor Waggledance,Security Officer,Good,"Keeping the office safe is my top priority.",Easy
Honeydew Swarm,Finance Lead,Good,"Let’s ensure everyone gets paid on time.",Easy
Amber Nectar,Event Planner,Good,"I’ll organize everything to make this event smooth.",Easy
Roger Beely,IT Technician,Good,"Fixing the server issue is my top priority.",Easy
Sophie Pollenwell,Graphic Designer,Good,"Our visuals should be clean and effective.",Easy
Tim Swarmson,Administrative Assistant,Good,"Let me help organize your schedule.",Easy
Daphne Buzzard,Legal Compliance,Good,"We need to adhere strictly to the guidelines.",Easy
Stanley Stinger,Auditor,Good,"Let’s ensure everything is transparent and compliant.",Easy
Buzz Lightwing,Consultant,Bad,"We need to innovate at scale and disrupt the market.",Easy
Hugh Honeycomb,Operations Manager,Bad,"Let’s optimize our workflow for synergy.",Easy
Winnie Wingfield,Sales Executive,Bad,"We should drill down into the core value proposition.",Easy
Nadia Nectar,Finance Advisor,Bad,"We have to optimize our growth vectors and track record.",Easy
Charlie Combster,VP of Sales,Bad,"Let’s gamify the engagement strategy.",Easy
Melanie Bumble,Project Coordinator,Bad,"Let’s align on the paradigm shift.",Easy
Lance Larva,Strategy Consultant,Bad,"Our low-hanging fruit is digital transformation.",Easy
Ella Waxley,Head of Partnerships,Bad,"We need to engage stakeholders more effectively.",Easy
Derek Droneson,VP of Growth,Bad,"We’re scaling fast to achieve synergy.",Easy
Martha Honeygale,Chief Innovation Officer,Bad,"We should evangelize our agile approach.",Easy
Ivan Buzzard,Corporate Speaker,Bad,"We’re in a holding pattern until we optimize workflows.",Easy
Natalie Stingerly,Tech Startup Founder,Bad,"Let’s push the envelope on thought leadership.",Easy
Brent Beewell,HR Coordinator,Bad,"We must socialize our reorganization plans.",Easy
Julia Swarmson,Digital Strategy Manager,Bad,"A deep dive into best-of-breed solutions is key.",Easy
Thomas Wingate,Customer Experience Lead,Bad,"A quick win would be harmonizing our tech stack.",Easy
Brianna Bumbles,Scrum Master,Bad,"Let’s keep everyone in the loop to optimize engagement.",Easy
Gordon Hiveley,Corporate Trainer,Bad,"Scaling our operational efficiency is a game changer.",Easy
Felicity Fuzz,Networking Specialist,Bad,"We need to be in sync with the new normal.",Easy
